<eagle version="6.1"><drawing><settings><setting alwaysvectorfont="no" verticaltext="up"/></settings><grid distance="0.1" unitdist="inch" unit="inch" style="lines" multiple="1" display="no" altdistance="0.01" altunitdist="inch" altunit="inch"/><layers><layer number="91" name="Nets" color="2" fill="1" visible="yes" active="yes"/><layer number="92" name="Busses" color="1" fill="1" visible="yes" active="yes"/><layer number="93" name="Pins" color="2" fill="1" visible="no" active="yes"/><layer number="94" name="Symbols" color="4" fill="1" visible="yes" active="yes"/><layer number="95" name="Names" color="7" fill="1" visible="yes" active="yes"/><layer number="96" name="Values" color="7" fill="1" visible="yes" active="yes"/><layer number="97" name="Info" color="7" fill="1" visible="yes" active="yes"/><layer number="98" name="Guide" color="6" fill="1" visible="yes" active="yes"/></layers><schematic><libraries><library name="AcceleratedDesigns_Lib"><packages><package name=""/><package name="ASSR-1611-001E"><pad name="1" drill="0" y="0" x="0"/><pad name="2" drill="0" y="0" x="0"/><pad name="3" drill="0" y="0" x="0"/><pad name="4" drill="0" y="0" x="0"/><pad name="5" drill="0" y="0" x="0"/><pad name="6" drill="0" y="0" x="0"/></package></packages><symbols><symbol name="ASSR-1611-001E@1"><pin name="5@5" x="27.94" y="-15.24" rot="R180" direction="pas" length="long" visible="pad" swaplevel="0"/><pin name="6@6" x="27.94" y="-5.08" rot="R180" direction="pas" length="long" visible="pad" swaplevel="0"/><text size="2" x="22.86" y="10.16" layer="95" align="center">&gt;NAME</text><text size="2" x="22.86" y="7.62" layer="96" align="center">&gt;VALUE</text><pin name="4@4" x="27.94" y="0" rot="R180" direction="pas" length="long" visible="pad" swaplevel="0"/><wire x1="30.4763331342095" y1="-9.32560121216647" x2="30.4808961693547" y2="-6.98476418259658" width="0.127" layer="94"/><pin name="2@2" x="0" y="-10.16" rot="MR180" direction="pas" length="long" visible="pad" swaplevel="0"/><pin name="3@3" x="0" y="-17.78" rot="MR180" direction="pas" length="long" visible="pad" swaplevel="0"/><pin name="1@1" x="0" y="-2.54" rot="MR180" direction="pas" length="long" visible="pad" swaplevel="0"/><wire x1="7.62" y1="5.08" x2="7.62" y2="-22.86" width="0.127" layer="94"/><wire x1="30.48" y1="-7.62" x2="30.48" y2="0" width="0.127" layer="94"/><wire x1="30.48" y1="-5.08" x2="35.56" y2="-5.08" width="0.127" layer="94"/><wire x1="19.304" y1="-5.461" x2="23.876" y2="-8.89" width="0.127" layer="94"/><wire x1="19.304" y1="-2.921" x2="23.876" y2="-6.35" width="0.127" layer="94"/><wire x1="33.02" y1="-15.24" x2="27.8799659627053" y2="-11.3105212286922" width="0.127" layer="94"/><wire x1="30.48" y1="-5.08" x2="35.56" y2="-5.08" width="0.127" layer="94"/><wire x1="30.48" y1="0" x2="35.56" y2="0" width="0.127" layer="94"/><wire cap="round" x1="30.523631891567" y1="-5.15847296765326" x2="30.5236319121569" y2="-5.15847295882901" layer="94" curve="1.263279E-05" width="0.127"/><circle x="30.4308814264918" y="-5.20221495185741" radius="0.1524" layer="94" width="0.127"/><circle x="30.383559738074" y="-5.25911152036502" radius="0.2032" layer="94" width="0.127"/><wire x1="7.62" y1="-22.86" x2="35.56" y2="-22.86" width="0.127" layer="94"/><wire x1="35.56" y1="-22.86" x2="35.56" y2="5.08" width="0.127" layer="94"/><wire x1="35.56" y1="5.08" x2="7.62" y2="5.08" width="0.127" layer="94"/><wire x1="12.7" y1="-2.54" x2="12.7" y2="-10.16" width="0.127" layer="94"/><wire x1="35.56" y1="-15.24" x2="33.02" y2="-15.24" width="0.127" layer="94"/><wire x1="10.795" y1="-6.98499999999997" x2="14.605" y2="-6.98499999999997" width="0.127" layer="94"/><wire cap="round" x1="30.6242905594661" y1="-5.30620604609842" x2="30.6242906071978" y2="-5.30620601745949" layer="94" curve="1.141489E-05" width="0.127"/><wire x1="12.7" y1="-2.54" x2="7.62" y2="-2.54" width="0.127" layer="94"/><wire x1="12.7" y1="-10.16" x2="7.62" y2="-10.16" width="0.127" layer="94"/><polygon width="0" layer="94"><vertex x="30.4725082138591" y="-9.58790855983673"/><vertex x="31.1075082138591" y="-8.3179085598367"/><vertex x="29.8375082138589" y="-8.3179085598367"/></polygon><polygon width="0" layer="94"><vertex x="24.384" y="-9.271"/><vertex x="23.114" y="-9.271"/><vertex x="24.257" y="-8.255"/><vertex x="24.384" y="-9.271"/></polygon><polygon width="0" layer="94"><vertex x="24.384" y="-6.731"/><vertex x="23.114" y="-6.731"/><vertex x="24.257" y="-5.715"/><vertex x="24.384" y="-6.731"/></polygon><polygon width="0" layer="94"><vertex x="14.605" y="-5.08"/><vertex x="10.795" y="-5.07999999999997"/><vertex x="12.7" y="-6.98499999999997"/><vertex x="14.605" y="-5.08"/></polygon></symbol></symbols><devicesets><deviceset name="ASSR-1611-001E" prefix="U"><gates><gate name="1" addlevel="always" y="0" x="0" symbol="ASSR-1611-001E@1"/></gates><devices><device name="ASSR-1611-001E" package="ASSR-1611-001E"><connects><connect pad="1" pin="1@1" gate="1"/><connect pad="2" pin="2@2" gate="1"/><connect pad="3" pin="3@3" gate="1"/><connect pad="4" pin="4@4" gate="1"/><connect pad="5" pin="5@5" gate="1"/><connect pad="6" pin="6@6" gate="1"/></connects><technologies><technology name=""><attribute name="Vendor" value="Avago Technologies" constant="no"/><attribute name="Manufacturer_Part_Number" value="ASSR-1611-001E" constant="no"/><attribute name="Copyright" value="Copyright (C) 2015 Accelerated Designs. All rights reserved" constant="no"/></technology></technologies></device></devices></deviceset></devicesets></library></libraries><attributes/><variantdefs/><classes><class number="0" name="default" width="0" drill="0"/></classes><parts/><sheets/></schematic></drawing></eagle>
